"","countries","Pvalues","Bonferroni_Corrected_Pvalues"
"1","United States of America","8.46131633271669e-56","5.97371565113501e-06"
"2","Italy","0.000104795929961609","0.000326797385620915"
"3","Mexico","0.38688778357989","0.000318471337579618"
"4","Portugal","0.00173560606464857","0.000308641975308642"
"5","South Africa","1.8295304587838e-06","0.000324675324675325"
"6","South Korea","0.844291609144596","0.00037037037037037"
